{
  "num_truth":1.568,
  "RBP":0.148392,
  "NDCG@5":0.7174084545,
  "NDCG@10":0.7854737548,
  "MRR":0.308,
  "RBO@5":0.0,
  "RBO@10":0.0,
  "rank_based_entropy":0.0,
  "least_item_promoted":null,
  "intralist_similarity":null
}
