{
  "num_truth":1.568,
  "RBP":0.074196,
  "NDCG@5":0.3938600794,
  "NDCG@10":0.3927368774,
  "MRR":0.354,
  "RBO@5":0.0,
  "RBO@10":0.0,
  "rank_based_entropy":0.0,
  "least_item_promoted":null,
  "intralist_similarity":null
}
