{"NDCG@5":0.3473208864,"NDCG@10":0.419519314,"MRR":0.3102805556,"RBO@5":0.0,"RBO@10":0.0}
