{"NDCG@5":0.3808739455,"NDCG@10":0.4367815194,"MRR":0.3332706349,"RBO@5":0.0,"RBO@10":0.0,"rank_based_entropy":0.0,"least_item_promoted":0.0,"intralist_similarity":null}
