{
  "num_truth":1.568,
  "RBP":0.1730944194,
  "NDCG@5":0.5031175028,
  "NDCG@10":0.72307499,
  "MRR":0.2463107974,
  "RBO@5":0.0,
  "RBO@10":0.0,
  "rank_based_entropy":0.0,
  "least_item_promoted":0.0,
  "intralist_similarity":null
}
