{"NDCG@5":0.3801943681,"NDCG@10":0.4426874019,"MRR":0.3387678571,"RBO@5":0.0,"RBO@10":0.0,"rank_based_entropy":0.0,"least_item_promoted":0.0,"intralist_similarity":null}
