{ "NDCG@5": 0.2729225367, "NDCG@10": 0.3361671982, "MRR": 0.2360837302, "RBO@5": 0.0, "RBO@10": 0.0 }
