recommender,NDCG@5,NDCG@10,MRR,RBO@5,RBO@10
locality-cali,0.4171536059941225,0.48251905284633967,0.37054744784506105,0.3911298784448818,0.6076203362771817
mmr,0.35579750600797894,0.4981208173313458,0.31145743826292543,0.22695393184055115,0.32274881943529315
nrms,0.41705085810801124,0.4822804004993461,0.370418975405852,0.39113024753937,0.6076209216365874
pfar,0.4171536059941225,0.48251905284633967,0.37054744784506105,0.3911298784448818,0.6076203362771817
softmax,0.3829947206618139,0.4503824991909758,0.3321287041810746,0.20977847077318457,0.3722779449397614
topic-cali,0.4171536059941225,0.48251905284633967,0.37054744784506105,0.3911298784448818,0.6076203362771817
