recommender,NDCG@5,NDCG@10,MRR,RBO@5,RBO@10
mmr,0.30736218970360674,0.4493199402445161,0.225507119769751,0.04974533218503936,0.13902394333398374
nrms,0.2638482480679429,0.32697143455163225,0.22588578337430043,0.0,0.0
nrms_rrf_static_user,0.2637413694469148,0.3269003202395808,0.226090494113583,0.0,0.0
nrms_topics_static,0.2637413694469148,0.3269003202395808,0.226090494113583,0.0,0.0
pfar,0.26296682235576774,0.32626882519597034,0.22553145483550666,0.006983352854330706,0.01275217747408974
softmax,0.26247912499894066,0.3257312112809417,0.22513941399686152,0.026200198326771645,0.07429624370215497
topic_cali,0.26257151686895513,0.3250850517251197,0.2260028368849727,0.0,0.0
