recommender,NDCG@5,NDCG@10,MRR,RBO@5,RBO@10
locality-cali,0.40879497544499094,0.4750018306896195,0.36273978664993267,0.3911298190206692,0.6076203585829456
mmr,0.3535947710515895,0.4962921253157752,0.3065470223340138,0.2258709238435039,0.3208314664762985
nrms,0.4085070445383974,0.4748590312149239,0.3626502796091461,0.39113024753937,0.6076209216365874
nrms-topics,0.4086570784991924,0.47488581050881484,0.3626640636934272,0.39113024753937,0.6076209216365874
pfar,0.40879497544499094,0.4750018306896195,0.36273978664993267,0.3911298190206692,0.6076203585829456
softmax,0.3752704929958986,0.44297450721750004,0.32595717744483327,0.20679986523950128,0.3673716814254043
topic-cali,0.40879497544499094,0.4750018306896195,0.36273978664993267,0.3911298190206692,0.6076203585829456
