recommender,NDCG@5,NDCG@10,MRR,RBO@5,RBO@10
locality-cali,0.4171536059941225,0.48251905284633967,0.37054744784506105,0.3911296293061023,0.6076199467392752
mmr,0.35579750600797894,0.4981208173313458,0.31145743826292543,0.22695393184055115,0.32274881943529315
nrms,0.4171357416899212,0.4825323850285321,0.3706339062217917,0.39113024753937,0.6076209216365874
pfar,0.4171536059941225,0.48251905284633967,0.37054744784506105,0.3911296293061023,0.6076199467392752
softmax,0.3833981720081835,0.45081795059531876,0.3321380617353386,0.20969089732338142,0.3722051551606116
topic-cali,0.4171536059941225,0.48251905284633967,0.37054744784506105,0.3911296293061023,0.6076199467392752
