recommender,NDCG@5,NDCG@10,MRR,RBO@5,RBO@10
mmr,0.3535947710515895,0.4962921253157752,0.3065470223340138,0.2258709238435039,0.3208314664762985
nrms,0.408591452384885,0.47483419028230994,0.3628059676134233,0.39113024753937,0.6076209216365874
nrms-topics-static,0.3412739261040623,0.40731612733361405,0.289471601423086,0.40332381065452744,0.6265144002130218
nrms_rrf_static_user,0.3412739261040623,0.40731612733361405,0.289471601423086,0.39113024753937,0.6076209216365874
pfar,0.40879497544499094,0.4750018306896195,0.36273978664993267,0.3911298190206692,0.6076203342348121
softmax,0.3765572387614982,0.4444604290754565,0.3270637394284048,0.20757951834536303,0.3683088825560244
topic-cali,0.40879497544499094,0.4750018306896195,0.36273978664993267,0.3911298190206692,0.6076203342348121
