recommender,NDCG@5,NDCG@10,MRR,RBO@5,RBO@10
locality-cali,0.4171536059941225,0.48251905284633967,0.37054744784506105,0.39112969906496053,0.6076198309840596
mmr,0.35579750600797894,0.4981208173313458,0.31145743826292543,0.22695393184055115,0.32274881943529315
nrms,0.4171542394704296,0.48248182346740986,0.3707096725756503,0.39113024753937,0.6076209216365874
pfar,0.4171536059941225,0.48251905284633967,0.37054744784506105,0.39112969906496053,0.6076198309840596
softmax,0.38342549948190957,0.4506883951907924,0.3317682294921468,0.2097922886045494,0.3724458382422594
topic-cali,0.4171536059941225,0.48251905284633967,0.37054744784506105,0.39112969906496053,0.6076198309840596
