recommender,NDCG@5,NDCG@10,MRR,RBO@5,RBO@10
mmr,0.4007849100396674,0.5454449513966237,0.3235628586791235,0.2655507074311023,0.4073742194348908
nrms,0.3966873593677834,0.46112475693212823,0.3446072170666167,0.39113024753937,0.6076209216365874
nrms-topics-static,0.3304777726396598,0.39730499645485423,0.27629445082385534,0.40332381065452744,0.6265144002130218
nrms_rrf_static_user,0.3304777726396598,0.39730499645485423,0.27629445082385534,0.39113024753937,0.6076209216365874
pfar,0.39705733162547097,0.4614105600721658,0.34484473078018024,0.39113024753937,0.6076208562526061
softmax,0.389770616017405,0.45515892441675376,0.3370203561794359,0.29350287789807517,0.4826197537209801
topic-cali,0.39705733162547097,0.4614105600721658,0.34484473078018024,0.39113024753937,0.6076208562526061
