recommender,NDCG@5,NDCG@10,MRR,RBO@5,RBO@10
locality-cali,0.4171536059941225,0.48251905284633967,0.37054744784506105,0.3911298784448818,0.6076202266288985
mmr,0.35579750600797894,0.4981208173313458,0.31145743826292543,0.22695393184055115,0.32274881943529315
nrms,0.41681471151538513,0.48223014369342754,0.3704193063106695,0.39113024753937,0.6076209216365874
pfar,0.4171536059941225,0.48251905284633967,0.37054744784506105,0.3911298784448818,0.6076202266288985
softmax,0.383472073372685,0.45112788158494194,0.3330375749472288,0.20964197587215655,0.37225452926811303
topic-cali,0.4171536059941225,0.48251905284633967,0.37054744784506105,0.3911298784448818,0.6076202266288985
