recommender,NDCG@5,NDCG@10,MRR,RBO@5,RBO@10
mmr,0.4157998093670443,0.5593373134625399,0.3364173879306753,0.3006313111466535,0.46883435971747567
nrms,0.3872992949018495,0.4522230442664795,0.3456133304517491,0.0,0.0
nrms_rrf_static_user,0.2637413694469148,0.3269003202395808,0.226090494113583,0.0,0.0
nrms_topics_static,0.2637413694469148,0.3269003202395808,0.226090494113583,0.0,0.0
pfar,0.26319489383906475,0.32638467537283433,0.225507119769751,0.04974533218503936,0.13902394333398374
softmax,0.2627962157322034,0.32610580336553013,0.2255983464306545,0.07784727772309709,0.1652885340021661
topic_cali,0.26319489383906475,0.32638467537283433,0.225507119769751,0.04974533218503936,0.13902394333398374
