{"NDCG@5":0.2471438447,"NDCG@10":0.3013716485,"MRR":0.1890968254,"RBO@5":0.0,"RBO@10":0.0,"rank_based_entropy":null,"least_item_promoted":0.0,"intralist_similarity":null}
