{"NDCG@5":0.2635583119,"NDCG@10":0.3174900386,"MRR":0.2063857143,"RBO@5":0.0,"RBO@10":0.0,"rank_based_entropy":null,"least_item_promoted":0.0,"intralist_similarity":null}
