{
  "num_truth":1.568,
  "RBP":0.1125007391,
  "NDCG@5":0.332469898,
  "NDCG@10":0.4939287695,
  "MRR":0.1339638263,
  "RBO@5":0.0,
  "RBO@10":0.0,
  "rank_based_entropy":null,
  "least_item_promoted":0.0,
  "intralist_similarity":null
}
