{"NDCG@5":0.3593010352,"NDCG@10":0.4240549398,"MRR":0.3177546817,"RBO@5":0.0,"RBO@10":0.0}
