{
  "num_truth":1.5226241251,
  "RBP":0.1616201047,
  "NDCG@5":0.5539923347,
  "NDCG@10":0.7162601564,
  "MRR":0.2605474438,
  "RBO@5":0.0,
  "RBO@10":0.0,
  "rank_based_entropy":0.0,
  "least_item_promoted":0.0,
  "intralist_similarity":null
}
