{"num_truth":1.5226241251,"RBP":0.0808100524,"NDCG@5":0.3586709145,"NDCG@10":0.4250055227,"MRR":0.3192212139,"RBO@5":0.0,"RBO@10":0.0,"rank_based_entropy":0.0,"least_item_promoted":0.0,"intralist_similarity":null
}
