{"NDCG@5":0.2637413694,"NDCG@10":0.3269003202,"MRR":0.2260904941,"RBO@5":0.0,"RBO@10":0.0}
