{"NDCG@5":0.3786740661,"NDCG@10":0.4415257827,"MRR":0.3312265654,"RBO@5":0.0,"RBO@10":0.0,"rank_based_entropy":0.0,"least_item_promoted":0.0,"intralist_similarity":null}
