{"num_truth":0.0467836257,"RBP":0.0664116285,"NDCG@5":0.3284750065,"NDCG@10":0.3510403618,"MRR":0.2438492063,"RBO@5":0.0,"RBO@10":0.0,"rank_based_entropy":0.0,"least_item_promoted":null,"intralist_similarity":nul
l}
