{
  "num_truth":0.0467836257,
  "RBP":0.132823257,
  "NDCG@5":0.4492597739,
  "NDCG@10":0.6569500131,
  "MRR":0.1831298331,
  "RBO@5":0.0,
  "RBO@10":0.0,
  "rank_based_entropy":0.0,
  "least_item_promoted":null,
  "intralist_similarity":null
}
