{"NDCG@5":0.2946527622,"NDCG@10":0.3534546484,"MRR":0.2445665886,"RBO@5":0.0,"RBO@10":0.0,"rank_based_entropy":null,"least_item_promoted":0.0,"intralist_similarity":null}
