{"NDCG@5":0.2635205289,"NDCG@10":0.3267880121,"MRR":0.2265015944,"RBO@5":0.0,"RBO@10":0.0}
