{
  "num_truth":1.5226241251,
  "RBP":0.1272770874,
  "NDCG@5":0.6557262235,
  "NDCG@10":0.7076162032,
  "MRR":0.2779254156,
  "RBO@5":0.0,
  "RBO@10":0.0,
  "rank_based_entropy":0.0,
  "least_item_promoted":null,
  "intralist_similarity":null
}
