{"NDCG@5":0.4098237815,"NDCG@10":0.4748569714,"MRR":0.3666648969,"RBO@5":0.3912685268,"RBO@10":0.6078343481}
