{"NDCG@5":0.3601536394,"NDCG@10":0.4255255035,"MRR":0.3188311665,"RBO@5":0.0,"RBO@10":0.0}
