{"NDCG@5":0.4079466762,"NDCG@10":0.4734301306,"MRR":0.3655792917,"RBO@5":0.0,"RBO@10":0.0}
