{"num_truth":1.5226241251,"RBP":0.0924862017,"NDCG@5":0.4134033643,"NDCG@10":0.4780279294,"MRR":0.3697477377,"RBO@5":0.0,"RBO@10":0.0,"rank_based_entropy":0.0,"least_item_promoted":null,"intralist_similarity":nul
l}
