{"NDCG@5":0.3899267483,"NDCG@10":0.4524797914,"MRR":0.3434988095,"RBO@5":0.388976978,"RBO@10":0.6038961668}
