{"NDCG@5":0.4074843134,"NDCG@10":0.4695633805,"MRR":0.3642936508,"RBO@5":0.388976978,"RBO@10":0.6038961668}
