{"NDCG@5":0.3981901214,"NDCG@10":0.4588275312,"MRR":0.3513781746,"RBO@5":0.388976978,"RBO@10":0.6038961668}
