{
  "num_truth":0.0922660053,
  "RBP":0.1304734167,
  "NDCG@5":0.29783889,
  "NDCG@10":0.4335993837,
  "MRR":0.1685499245,
  "RBO@5":0.0,
  "RBO@10":0.0,
  "rank_based_entropy":0.0,
  "least_item_promoted":0.0,
  "intralist_similarity":null
}
