{"NDCG@5":0.2157268667,"NDCG@10":0.2786487,"MRR":0.2146294388,"RBO@5":0.0,"RBO@10":0.0,"rank_based_entropy":0.0,"least_item_promoted":0.0,"intralist_similarity":null}
