{
  "num_truth":0.0922660053,
  "RBP":0.1295980463,
  "NDCG@5":0.293775529,
  "NDCG@10":0.4281774509,
  "MRR":0.1670691583,
  "RBO@5":0.0,
  "RBO@10":0.0,
  "rank_based_entropy":0.0,
  "least_item_promoted":0.0,
  "intralist_similarity":null
}
