{
  "num_truth":0.0922660053,
  "RBP":0.0648275165,
  "NDCG@5":0.2149175807,
  "NDCG@10":0.2774700492,
  "MRR":0.2142256181,
  "RBO@5":0.0,
  "RBO@10":0.0,
  "rank_based_entropy":3.83932474,
  "least_item_promoted":0.0,
  "intralist_similarity":null,
  "total_articles":10.0,
  "num_sections":1.0
}
