{"num_truth":0.0467836257,"RBP":0.049950405,"NDCG@5":0.1961453632,"NDCG@10":0.2869095708,"MRR":0.1578703704,"RBO@5":0.177350535,"RBO@10":0.204187692,"rank_based_entropy":0.0,"least_item_promoted":0.0,"intralist_s
imilarity":null}
