{
  "num_truth":0.0467836257,
  "RBP":0.1552067823,
  "NDCG@5":0.6159264406,
  "NDCG@10":0.7791201659,
  "MRR":0.2713651272,
  "RBO@5":0.1002294323,
  "RBO@10":0.1057333011,
  "rank_based_entropy":0.0,
  "least_item_promoted":3.3138686131,
  "intralist_similarity":null
}
