{"NDCG@5":0.1961453632,"NDCG@10":0.2869095708,"MRR":0.1578703704,"RBO@5":0.4404272016,"RBO@10":0.5164789976,"rank_based_entropy":null,"least_item_promoted":0.0,"intralist_similarity":null}
