{
  "num_truth":0.0467836257,
  "RBP":0.09990081,
  "NDCG@5":0.3333333333,
  "NDCG@10":0.3922907264,
  "MRR":0.0967730527,
  "RBO@5":0.0994585066,
  "RBO@10":0.1037254425,
  "rank_based_entropy":0.0,
  "least_item_promoted":2.9781021898,
  "intralist_similarity":null
}
