{
  "num_truth":0.0467836257,
  "RBP":0.0736125378,
  "NDCG@5":0.3837831295,
  "NDCG@10":0.4100718692,
  "MRR":0.362037037,
  "RBO@5":0.1924971321,
  "RBO@10":0.228959889,
  "rank_based_entropy":3.8308018829,
  "least_item_promoted":0.0,
  "intralist_similarity":null,
  "total_articles":10.0,
  "num_sections":1.0
}
