{"NDCG@5":0.3968318491,"NDCG@10":0.5028074294,"MRR":0.4076563959,"RBO@5":0.0,"RBO@10":0.0,"rank_based_entropy":0.0,"least_item_promoted":0.0,"intralist_similarity":null}
