{"NDCG@5":0.438913025,"NDCG@10":0.5906623313,"MRR":0.34855,"RBO@5":0.304523264,"RBO@10":0.4737886827}
