{"NDCG@5":0.4243031559,"NDCG@10":0.5812207909,"MRR":0.3365920635,"RBO@5":0.300933803,"RBO@10":0.4675996445}
