{"NDCG@5":0.4184800137,"NDCG@10":0.5789485774,"MRR":0.3329615079,"RBO@5":0.300700811,"RBO@10":0.4674391468}
