{"NDCG@5":0.395816683,"NDCG@10":0.4595561353,"MRR":0.352648931,"RBO@5":0.3911302475,"RBO@10":0.6076209216}
