{"NDCG@5":0.4102467153,"NDCG@10":0.4750615466,"MRR":0.3668072632,"RBO@5":0.3911302475,"RBO@10":0.6076209216}
