{
  "num_truth":1.5269303612,
  "RBP":0.1856557447,
  "NDCG@5":0.6556654683,
  "NDCG@10":0.8258722637,
  "MRR":0.3095855044,
  "RBO@5":0.0,
  "RBO@10":0.0,
  "rank_based_entropy":0.0,
  "least_item_promoted":0.0,
  "intralist_similarity":null
}
