{"NDCG@5":0.4135627636,"NDCG@10":0.4776430606,"MRR":0.3684538203,"RBO@5":0.0,"RBO@10":0.0}
