{"NDCG@5":0.408773978,"NDCG@10":0.4737012331,"MRR":0.3656569049,"RBO@5":0.0,"RBO@10":0.0}
