{"num_truth":0.0922660053,"RBP":0.0309785807,"NDCG@5":0.1085685456,"NDCG@10":0.1376344515,"MRR":0.1198336386,"RBO@5":0.0,"RBO@10":0.0,"rank_based_entropy":null,"least_item_promoted":0.0,"intralist_similarity":nul
l}
