{
  "num_truth":0.0922660053,
  "RBP":0.0619571615,
  "NDCG@5":0.1588188375,
  "NDCG@10":0.2159150235,
  "MRR":0.0967039276,
  "RBO@5":0.0,
  "RBO@10":0.0,
  "rank_based_entropy":null,
  "least_item_promoted":0.0,
  "intralist_similarity":null
}
