{"NDCG@5":0.4391505685,"NDCG@10":0.5842476194,"MRR":0.3573749942,"RBO@5":0.3053785775,"RBO@10":0.4769039043}
