{"NDCG@5":0.3934895065,"NDCG@10":0.4586694186,"MRR":0.3484095238,"RBO@5":0.388976978,"RBO@10":0.6038961668}
