{"NDCG@5":0.3989753691,"NDCG@10":0.4686789149,"MRR":0.3657083333,"RBO@5":0.388976978,"RBO@10":0.6038961668}
