{"NDCG@5":0.3917752094,"NDCG@10":0.4570849126,"MRR":0.3454936508,"RBO@5":0.388976978,"RBO@10":0.6038961668}
