{"NDCG@5":0.3957839924,"NDCG@10":0.4620068108,"MRR":0.3469107143,"RBO@5":0.0,"RBO@10":0.0}
