{"NDCG@5":0.3837809086,"NDCG@10":0.4519020624,"MRR":0.3397734127,"RBO@5":0.0,"RBO@10":0.0}
