{
  "num_truth":1.568,
  "RBP":0.2098868419,
  "NDCG@5":0.7363610165,
  "NDCG@10":0.9361750753,
  "MRR":0.3481675223,
  "RBO@5":0.0,
  "RBO@10":0.0,
  "rank_based_entropy":0.0,
  "least_item_promoted":0.0,
  "intralist_similarity":null
}
