{
  "num_truth":1.568,
  "RBP":0.2091938419,
  "NDCG@5":0.7308847355,
  "NDCG@10":0.9332225133,
  "MRR":0.339634189,
  "RBO@5":0.0,
  "RBO@10":0.0,
  "rank_based_entropy":0.0,
  "least_item_promoted":0.0,
  "intralist_similarity":null
}
