{"NDCG@5":0.4605189393,"NDCG@10":0.520925402,"MRR":0.4173535714,"RBO@5":0.0,"RBO@10":0.0,"rank_based_entropy":0.0,"least_item_promoted":0.0,"intralist_similarity":null}
