{
  "num_truth":1.568,
  "RBP":0.2103938419,
  "NDCG@5":0.7339254856,
  "NDCG@10":0.9362632634,
  "MRR":0.343634189,
  "RBO@5":0.0,
  "RBO@10":0.0,
  "rank_based_entropy":0.0,
  "least_item_promoted":0.0,
  "intralist_similarity":null
}
