{"NDCG@5":0.3915937101,"NDCG@10":0.4568517235,"MRR":0.3530281746,"RBO@5":0.0,"RBO@10":0.0}
