{"num_truth":1.568,"RBP":0.1051969209,"NDCG@5":0.469349613,"NDCG@10":0.5187460442,"MRR":0.4113952381,"RBO@5":0.0,"RBO@10":0.0,"rank_based_entropy":0.0,"least_item_promoted":0.0,"intralist_similarity":null}
