{
  "num_truth":1.568,
  "RBP":0.1049434209,
  "NDCG@5":0.4693055189,
  "NDCG@10":0.5187019501,
  "MRR":0.4140619048,
  "RBO@5":0.0,
  "RBO@10":0.0,
  "rank_based_entropy":0.0,
  "least_item_promoted":0.0,
  "intralist_similarity":null
}
