{"NDCG@5":0.397514345,"NDCG@10":0.4689514462,"MRR":0.3567833333,"RBO@5":0.0,"RBO@10":0.0,"rank_based_entropy":0.0,"least_item_promoted":0.0,"intralist_similarity":null}
