{"NDCG@5":0.4598292379,"NDCG@10":0.5119772004,"MRR":0.4024619048,"RBO@5":0.0,"RBO@10":0.0,"rank_based_entropy":0.0,"least_item_promoted":0.0,"intralist_similarity":null}
