{"NDCG@5":0.4596443573,"NDCG@10":0.5202951936,"MRR":0.4179146825,"RBO@5":0.0,"RBO@10":0.0,"rank_based_entropy":0.0,"least_item_promoted":0.0,"intralist_similarity":null}
