{"NDCG@5":0.3789727097,"NDCG@10":0.4295638934,"MRR":0.2797385621,"RBO@5":0.4151695546,"RBO@10":0.5041682128,"rank_based_entropy":0.0,"least_item_promoted":0.0,"intralist_similarity":null}
