{"num_truth":0.0560471976,"RBP":0.0695641995,"NDCG@5":0.3789727097,"NDCG@10":0.4295638934,"MRR":0.2797385621,"RBO@5":0.1718198116,"RBO@10":0.2037924805,"rank_based_entropy":0.0,"least_item_promoted":0.0,"intralis
t_similarity":null}
