{
  "num_truth":1.5226241251,
  "RBP":0.1850542857,
  "NDCG@5":0.6561591359,
  "NDCG@10":0.8258460084,
  "MRR":0.3084933711,
  "RBO@5":0.0,
  "RBO@10":0.0,
  "rank_based_entropy":0.0,
  "least_item_promoted":0.0,
  "intralist_similarity":null
}
