{"NDCG@5":0.4009018377,"NDCG@10":0.4642428774,"MRR":0.355574211,"RBO@5":0.0,"RBO@10":0.0}
