{
  "num_truth":1.5226241251,
  "RBP":0.1850453182,
  "NDCG@5":0.656347961,
  "NDCG@10":0.825943175,
  "MRR":0.3085836778,
  "RBO@5":0.0,
  "RBO@10":0.0,
  "rank_based_entropy":0.0,
  "least_item_promoted":0.0,
  "intralist_similarity":null
}
