{"NDCG@5":0.4090090178,"NDCG@10":0.4738065371,"MRR":0.3652059009,"RBO@5":0.0,"RBO@10":0.0}
