{
  "num_truth":0.0922660053,
  "RBP":0.1170383448,
  "NDCG@5":0.2532373358,
  "NDCG@10":0.359457414,
  "MRR":0.1470374085,
  "RBO@5":0.1020521127,
  "RBO@10":0.1063631968,
  "rank_based_entropy":0.0,
  "least_item_promoted":2.9059015161,
  "intralist_similarity":null
}
