{
  "num_truth":0.0922660053,
  "RBP":0.0888323317,
  "NDCG@5":0.3927533153,
  "NDCG@10":0.4249698091,
  "MRR":0.1864316239,
  "RBO@5":0.0,
  "RBO@10":0.0,
  "rank_based_entropy":0.0,
  "least_item_promoted":null,
  "intralist_similarity":null
}
