{"NDCG@5":0.4643529569,"NDCG@10":0.5137493882,"MRR":0.4037285714,"RBO@5":0.0,"RBO@10":0.0,"rank_based_entropy":0.0,"least_item_promoted":null,"intralist_similarity":null}
