{"NDCG@5":0.3980245351,"NDCG@10":0.4607686172,"MRR":0.3591507937,"RBO@5":0.0,"RBO@10":0.0}
