{
  "num_truth":0.0922660053,
  "RBP":0.0801323302,
  "NDCG@5":0.2701504715,
  "NDCG@10":0.3499596468,
  "MRR":0.2725389194,
  "RBO@5":0.0,
  "RBO@10":0.0,
  "rank_based_entropy":0.0,
  "least_item_promoted":null,
  "intralist_similarity":null,
  "total_articles":10.0,
  "num_sections":1.0
}
