recommender,NDCG@5,NDCG@10,MRR,RBO@5,RBO@10
mmr,0.3222530280140855,0.475226606434731,0.23439801587301587,0.04982571899999999,0.13983111189474426
nrms,0.272951987004106,0.3359963474243363,0.23403650793650793,0.0,0.0
nrms_rrf_static_user,0.27292253669524486,0.33616719823521896,0.23608373015873016,0.0,0.0
nrms_topics_static,0.27292253669524486,0.33616719823521896,0.23608373015873016,0.0,0.0
pfar,0.27546958141999245,0.3312793124767381,0.2344996031746032,0.007175726999999997,0.01310571579535714
softmax,0.2729500243878066,0.3304682844304761,0.23259920634920636,0.026692118999999993,0.0761421144316757
topic_cali,0.26815245076898303,0.3322684715622194,0.2327313492063492,0.0,0.0
