recommender,NDCG@5,NDCG@10,MRR,RBO@5,RBO@10
locality-cali,0.4050102323673792,0.4706409941557902,0.3651269841269841,0.38897697799999986,0.6038961667861186
mmr,0.35755267480644953,0.5168695808637677,0.31088611111111114,0.22608595999999997,0.3212015047836114
nrms,0.4005201692368627,0.46658471363144544,0.36188968253968257,0.38897697799999986,0.6038961667861186
nrms-topics,0.40245221198626324,0.4680502384719296,0.36314444444444444,0.38897697799999986,0.6038961667861186
pfar,0.4050102323673792,0.4706409941557902,0.3651269841269841,0.38897697799999986,0.6038961667861186
softmax,0.3716560840696331,0.44158822801192155,0.322215873015873,0.20566568999999996,0.36426724834596846
topic-cali,0.4050102323673792,0.4706409941557902,0.3651269841269841,0.38897697799999986,0.6038961667861186
