recommender,NDCG@5,NDCG@10,MRR,RBO@5,RBO@10
mmr,0.35755267480644953,0.5168695808637677,0.31088611111111114,0.22608595999999997,0.32120150478361137
nrms,0.4027216519266392,0.4694747089594985,0.3644361111111111,0.38897697799999986,0.6038961667861186
nrms-topics-static,0.3429044018644139,0.4064634007940321,0.29005555555555557,0.4031625429999999,0.6259930931583999
nrms_rrf_static_user,0.3429044018644139,0.4064634007940321,0.29005555555555557,0.38897697799999986,0.6038961667861186
pfar,0.4050102323673792,0.4706409941557902,0.3651269841269841,0.38897697799999986,0.6038961667861186
softmax,0.3816599828581287,0.44917863419524384,0.33496984126984125,0.20481261099999995,0.3645904600118114
topic-cali,0.4050102323673792,0.4706409941557902,0.3651269841269841,0.38897697799999986,0.6038961667861186
