recommender,NDCG@5,NDCG@10,MRR,RBO@5,RBO@10
locality-cali,0.41258029427212617,0.4799584099761152,0.3773281746031746,0.38897697799999986,0.6038961667861186
mmr,0.36260738955375116,0.5197700868114026,0.3196722222222222,0.22704047299999996,0.3233538800333043
nrms,0.4097609708301996,0.47862637063416796,0.37417698412698414,0.38897697799999986,0.6038961667861186
pfar,0.41258029427212617,0.4799584099761152,0.3773281746031746,0.38897697799999986,0.6038961667861186
softmax,0.3784737575118542,0.4521845616030971,0.3374595238095238,0.20932988299999997,0.37176052838535284
topic-cali,0.41258029427212617,0.4799584099761152,0.3773281746031746,0.38897697799999986,0.6038961667861186
