recommender,NDCG@5,NDCG@10,MRR,RBO@5,RBO@10
locality-cali,0.41258029427212617,0.4799584099761152,0.3773281746031746,0.3888769779999999,0.6037961667861186
mmr,0.36260738955375116,0.5197700868114026,0.3196722222222222,0.22704047299999996,0.3233538800333043
nrms,0.4103671104723628,0.4774515541437908,0.37657936507936507,0.38897697799999986,0.6038961667861186
pfar,0.41258029427212617,0.4799584099761152,0.3773281746031746,0.3888769779999999,0.6037961667861186
softmax,0.3841331942435803,0.45118983124375606,0.34452936507936505,0.20850635999999995,0.3707302673568128
topic-cali,0.41258029427212617,0.4799584099761152,0.3773281746031746,0.3888769779999999,0.6037961667861186
