recommender,NDCG@5,NDCG@10,MRR,RBO@5,RBO@10
locality-cali,0.41258029427212617,0.4799584099761152,0.3773281746031746,0.38897697799999986,0.6038961667861186
mmr,0.36260738955375116,0.5197700868114026,0.3196722222222222,0.22704047299999996,0.3233538800333043
nrms,0.4104521021399195,0.4773817870867811,0.3760670634920635,0.38897697799999986,0.6038961667861186
pfar,0.41258029427212617,0.4799584099761152,0.3773281746031746,0.38897697799999986,0.6038961667861186
softmax,0.40128548396432234,0.4650886829823084,0.34703531746031746,0.20744908699999998,0.3696869246064028
topic-cali,0.41258029427212617,0.4799584099761152,0.3773281746031746,0.38897697799999986,0.6038961667861186
