recommender,NDCG@5,NDCG@10,MRR,RBO@5,RBO@10
locality-cali,0.41258029427212617,0.4799584099761152,0.3773281746031746,0.38897697799999986,0.6038961667861186
mmr,0.36260738955375116,0.5197700868114026,0.3196722222222222,0.2270404729999999,0.32335388003330423
nrms,0.4097609708301996,0.4786263706341679,0.37417698412698414,0.38897697799999986,0.6038961667861186
pfar,0.41258029427212617,0.4799584099761152,0.3773281746031746,0.38897697799999986,0.6038961667861186
softmax,0.3784737575118542,0.4521845616030971,0.33745952380952376,0.2093298829999999,0.3717605283853528
topic-cali,0.41258029427212617,0.4799584099761152,0.3773281746031746,0.38897697799999986,0.6038961667861186
