recommender,NDCG@5,NDCG@10,MRR,RBO@5,RBO@10
locality-cali,0.41258029427212617,0.4799584099761152,0.3773281746031746,0.38897697799999986,0.6038961667861186
mmr,0.36260738955375116,0.5197700868114026,0.3196722222222222,0.22704047299999996,0.3233538800333043
nrms,0.4095967741826367,0.4761685169507715,0.3724476190476191,0.38897697799999986,0.6038961667861186
pfar,0.41258029427212617,0.4799584099761152,0.3773281746031746,0.38897697799999986,0.6038961667861186
softmax,0.3854226917588238,0.45140865141914105,0.3379642857142857,0.21319334099999995,0.37530310939543277
topic-cali,0.41258029427212617,0.4799584099761152,0.3773281746031746,0.38897697799999986,0.6038961667861186
