recommender,NDCG@5,NDCG@10,MRR,RBO@5,RBO@10
locality-cali,0.4050102323673792,0.4706409941557902,0.3651269841269841,0.38897697799999986,0.6038961667861186
mmr,0.35755267480644953,0.5168695808637677,0.31088611111111114,0.22608595999999997,0.32120150478361137
nrms,0.40078444073310143,0.46673394031663107,0.3613166666666667,0.38897697799999986,0.6038961667861186
nrms-topics,0.3998581009401535,0.4659083301740297,0.35988809523809523,0.38897697799999986,0.6038961667861186
pfar,0.4050102323673792,0.4706409941557902,0.3651269841269841,0.38897697799999986,0.6038961667861186
softmax,0.372602247919701,0.4409245867216063,0.33098253968253966,0.20802673399999994,0.36796313879970277
topic-cali,0.4050102323673792,0.4706409941557902,0.3651269841269841,0.38897697799999986,0.6038961667861186
