{"NDCG@5":0.3526746114,"NDCG@10":0.3526746114,"MRR":0.2347222222,"RBO@5":0.0,"RBO@10":0.0,"rank_based_entropy":null,"least_item_promoted":0.0,"intralist_similarity":null}
