{"num_truth":0.0467836257,"RBP":0.0021724287,"NDCG@5":0.0123745478,"NDCG@10":0.0123745478,"MRR":0.0082358674,"RBO@5":0.0,"RBO@10":0.0,"rank_based_entropy":0.0,"least_i
tem_promoted":0.0,"intralist_similarity":null}
