{
  "num_truth":0.0467836257,
  "RBP":0.0619142188,
  "NDCG@5":0.3526746114,
  "NDCG@10":0.3526746114,
  "MRR":0.2347222222,
  "RBO@5":0.0,
  "RBO@10":0.0,
  "rank_based_entropy":3.8232693102,
  "least_item_promoted":0.0,
  "intralist_similarity":null,
  "total_articles":10.0,
  "num_sections":1.0
}
