{
  "num_truth":0.0467836257,
  "RBP":0.1238284375,
  "NDCG@5":0.405895185,
  "NDCG@10":0.7053492227,
  "MRR":0.1748677249,
  "RBO@5":0.0,
  "RBO@10":0.0,
  "rank_based_entropy":0.0,
  "least_item_promoted":0.0,
  "intralist_similarity":null
}
