{
  "num_truth":0.0560471976,
  "RBP":0.2039977941,
  "NDCG@5":0.9163131991,
  "NDCG@10":1.1561558099,
  "MRR":0.3932773109,
  "RBO@5":0.0,
  "RBO@10":0.0,
  "rank_based_entropy":0.0,
  "least_item_promoted":null,
  "intralist_similarity":null
}
