{"NDCG@5":0.5190274011,"NDCG@10":0.5375841586,"MRR":0.4006535948,"RBO@5":0.0,"RBO@10":0.0,"rank_based_entropy":0.0,"least_item_promoted":0.0,"intralist_similarity":null}
