{"num_truth":0.0560471976,"RBP":0.0044967864,"NDCG@5":0.0260279228,"NDCG@10":0.0269584976,"MRR":0.0200917732,"RBO@5":0.0,"RBO@10":0.0,"rank_based_entropy":0.0,"least_item_promoted":0.0,"intralist_similarity":null}
