{
  "num_truth":0.0560471976,
  "RBP":0.1793424229,
  "NDCG@5":0.7583993683,
  "NDCG@10":1.0380548022,
  "MRR":0.3366067996,
  "RBO@5":0.0,
  "RBO@10":0.0,
  "rank_based_entropy":0.0,
  "least_item_promoted":0.0,
  "intralist_similarity":null
}
