{
  "num_truth":0.0467836257,
  "RBP":0.0837991782,
  "NDCG@5":0.1666666667,
  "NDCG@10":0.2772829125,
  "MRR":0.0727317345,
  "RBO@5":0.0,
  "RBO@10":0.0,
  "rank_based_entropy":0.0,
  "least_item_promoted":0.0,
  "intralist_similarity":null
}
