{"num_truth":0.0467836257,"RBP":0.0418995891,"NDCG@5":0.1386414563,"NDCG@10":0.2531406019,"MRR":0.123478836,"RBO@5":0.0,"RBO@10":0.0,"rank_based_entropy":0.0,"least_item_promoted":0.0,"intralist_similarity":null}
