recommender,NDCG@5,NDCG@10,MRR,RBO@5,RBO@10
locality-cali,0.41784484004402095,0.4829450574043462,0.37157370476437546,0.3912675113222531,0.6078331200459111
mmr,0.3589295721326262,0.5028666915073162,0.3127683826739664,0.22722075092370989,0.32333628028067884
nrms,0.41767575607988744,0.4828253740281318,0.37142885181020924,0.39126863333961964,0.6078344546963851
pfar,0.41784484004402095,0.4829450574043462,0.37157370476437546,0.3912675113222531,0.6078331200459111
softmax,0.383403659036271,0.4511623521953559,0.3334263051438478,0.21016539909581344,0.37285124597608627
topic-cali,0.41784484004402095,0.4829450574043462,0.37157370476437546,0.3912675113222531,0.6078331200459111
