recommender,NDCG@5,NDCG@10,MRR,RBO@5,RBO@10
locality-cali,0.4093631969122238,0.47519057749307647,0.36375609023701444,0.3912670722286709,0.6078324980830612
mmr,0.3565333152244253,0.5008038514348164,0.30786428015092376,0.2260719979095335,0.3213349283838413
nrms,0.40923060817320234,0.47516824317459566,0.3637216412419549,0.39126863333961964,0.6078344546963851
nrms-topics,0.40926857195719446,0.4752207850269717,0.36375548731108653,0.39126863333961964,0.6078344546963851
pfar,0.4093631969122238,0.47519057749307647,0.36375609023701444,0.3912670722286709,0.6078324980830612
softmax,0.3763025340656967,0.444020838658827,0.3267990888060561,0.20762640854408435,0.36844658287235965
topic-cali,0.4093631969122238,0.47519057749307647,0.36375609023701444,0.3912670722286709,0.6078324980830612
