recommender,NDCG@5,NDCG@10,MRR,RBO@5,RBO@10
locality-cali,0.41784484004402095,0.4829450574043462,0.37157370476437546,0.391267759923075,0.6078333686467328
mmr,0.3589295721326262,0.5028667882975845,0.31276849335092866,0.2272204852990004,0.32333602809267764
nrms,0.417680856329168,0.48288790835872714,0.37148052108653323,0.39126863333961964,0.6078344546963851
pfar,0.41784484004402095,0.4829450574043462,0.37157370476437546,0.391267759923075,0.6078333686467328
softmax,0.38271706430439617,0.45059258356413295,0.33299036123822096,0.2100605731570293,0.3727657847280318
topic-cali,0.41784484004402095,0.4829450574043462,0.37157370476437546,0.391267759923075,0.6078333686467328
