recommender,NDCG@5,NDCG@10,MRR,RBO@5,RBO@10
locality-cali,0.41784484004402095,0.482945068169885,0.37157370476437546,0.3912679157704045,0.6078335362712364
mmr,0.3589295721326262,0.5028667882975845,0.31276849335092866,0.22722075092370989,0.32333626754560724
nrms,0.41780612275433043,0.48297561184714516,0.3715650508799915,0.39126863333961964,0.6078344546963851
pfar,0.41784484004402095,0.482945068169885,0.37157370476437546,0.3912679157704045,0.6078335362712364
softmax,0.3828069016307366,0.45078525476124115,0.33283129314583265,0.21018380654021154,0.37289327365206193
topic-cali,0.41784484004402095,0.482945068169885,0.37157370476437546,0.3912679157704045,0.6078335362712364
