recommender,NDCG@5,NDCG@10,MRR,RBO@5,RBO@10
locality-cali,0.41784484004402095,0.4829450574043462,0.37157370476437546,0.3912673030485747,0.6078328581766465
mmr,0.3589295721326262,0.5028667882975844,0.31276849335092866,0.22722075092370989,0.3233362905715243
nrms,0.4178254938949696,0.4829404987679788,0.3715477262461625,0.39126863333961964,0.6078344546963851
pfar,0.41784484004402095,0.4829450574043462,0.37157370476437546,0.3912673030485747,0.6078328581766465
softmax,0.3828735992908713,0.45077278535229554,0.33250694429424,0.21017851942380683,0.3729055717830188
topic-cali,0.41784484004402095,0.4829450574043462,0.37157370476437546,0.3912673030485747,0.6078328581766465
