recommender,NDCG@5,NDCG@10,MRR,RBO@5,RBO@10
mmr,0.3082666746912464,0.452776084641413,0.22605965391292815,0.04997045564731412,0.13969634213171764
nrms,0.2635005201601722,0.3267846569075283,0.22653690246087801,0.0,0.0
nrms_rrf_static_user,0.26352052889906047,0.3267880121028254,0.22650159440177794,0.0,0.0
nrms_topics_static,0.26352052889906047,0.3267880121028254,0.22650159440177794,0.0,0.0
pfar,0.2630202320974775,0.32622285737751117,0.2261305346017714,0.00698075006839836,0.012756221433813872
softmax,0.2627045537068716,0.3261396508805803,0.22593623961338874,0.02621662804306307,0.07439662741777306
topic_cali,0.26318107227580023,0.3265827594457934,0.22643294306317488,0.0,0.0
