recommender,NDCG@5,NDCG@10,MRR,RBO@5,RBO@10
mmr,0.3565333152244253,0.5008037700324769,0.3078642169069453,0.22607226353424298,0.32133518371770525
nrms,0.4092011215960291,0.4750279172431442,0.36364069527394194,0.39126863333961964,0.6078344546963851
nrms-topics-static,0.3409474815527047,0.40752059395419576,0.29035067331436776,0.4033440392088633,0.6265893623271104
nrms_rrf_static_user,0.3409474815527047,0.40752059395419576,0.29035067331436776,0.39126863333961964,0.6078344546963851
pfar,0.4093631969122238,0.4751909365969324,0.3637563558617239,0.3912674438296707,0.607832903127871
softmax,0.3757485711517564,0.44360398716382066,0.32682607501165906,0.20761662246228788,0.3683864719587341
topic-cali,0.4093631969122238,0.4751909365969324,0.3637563558617239,0.3912674438296707,0.607832903127871
