recommender,NDCG@5,NDCG@10,MRR,RBO@5,RBO@10
mmr,0.4164623619098352,0.5619587772482181,0.3357310306116456,0.30075647433401237,0.4690267769339138
nrms,0.3877066544850914,0.4525185908095284,0.34538075151807685,0.0,0.0
nrms_rrf_static_user,0.26352052889906047,0.3267880121028254,0.22650159440177794,0.0,0.0
nrms_topics_static,0.26352052889906047,0.3267880121028254,0.22650159440177794,0.0,0.0
pfar,0.2626580648561019,0.3263558249646809,0.22605965391292815,0.04997045564731412,0.13969634213171764
softmax,0.2628692116639982,0.3266522526643048,0.2261527132109461,0.07783310997925469,0.16539588310212283
topic_cali,0.2626580648561019,0.3263558249646809,0.22605965391292815,0.04997045564731412,0.13969634213171764
