{"NDCG@5":0.3817764117,"NDCG@10":0.4496341303,"MRR":0.3298912698,"RBO@5":0.283417363,"RBO@10":0.4749803019}
