{"NDCG@5":0.4016453861,"NDCG@10":0.4674949632,"MRR":0.3624996032,"RBO@5":0.728219985,"RBO@10":0.7499876007,"rank_based_entropy":0.0,"least_item_promoted":0.0,"intralist_similarity":null}
