{"NDCG@5":0.3734029661,"NDCG@10":0.4464125872,"MRR":0.3364,"RBO@5":0.286756548,"RBO@10":0.4786219063}
