{
  "num_truth":1.568,
  "RBP":0.2055397838,
  "NDCG@5":0.721556446,
  "NDCG@10":0.9299200129,
  "MRR":0.3337227014,
  "RBO@5":0.4478669478,
  "RBO@10":0.438636528,
  "rank_based_entropy":0.0,
  "least_item_promoted":0.9173553719,
  "intralist_similarity":null
}
