{"NDCG@5":0.3867909681,"NDCG@10":0.4557857703,"MRR":0.3459960317,"RBO@5":0.300717382,"RBO@10":0.4920460553}
