{"NDCG@5":0.4106001832,"NDCG@10":0.4753309032,"MRR":0.3676670241,"RBO@5":0.0,"RBO@10":0.0}
