{"num_truth":0.0560471976,"RBP":0.0325430432,"NDCG@5":0.1506827242,"NDCG@10":0.162060748,"MRR":0.1588235294,"RBO@5":0.0,"RBO@10":0.0,"rank_based_entropy":null,"least_item_promoted":0.0,"intralist_similarity":null
}
