{
  "num_truth":0.0560471976,
  "RBP":0.0650860864,
  "NDCG@5":0.2135841032,
  "NDCG@10":0.3013654484,
  "MRR":0.141295306,
  "RBO@5":0.0,
  "RBO@10":0.0,
  "rank_based_entropy":null,
  "least_item_promoted":0.0,
  "intralist_similarity":null
}
