{"NDCG@5":0.4383034019,"NDCG@10":0.5807498611,"MRR":0.358362198,"RBO@5":0.305560506,"RBO@10":0.4774004157}
