{"NDCG@5":0.4256946432,"NDCG@10":0.5681029963,"MRR":0.3439098542,"RBO@5":0.3025030164,"RBO@10":0.470556404}
