{"NDCG@5":0.4074716691,"NDCG@10":0.4728752486,"MRR":0.3619161585,"RBO@5":0.7340846429,"RBO@10":0.7546521782,"rank_based_entropy":0.0,"least_item_promoted":0.0,"intralist_similarity":null}
