{
  "num_truth":1.5269303612,
  "RBP":0.1829877359,
  "NDCG@5":0.6413164556,
  "NDCG@10":0.8136909065,
  "MRR":0.2998755267,
  "RBO@5":0.4663948892,
  "RBO@10":0.4503675594,
  "rank_based_entropy":0.0,
  "least_item_promoted":1.1332225268,
  "intralist_similarity":null
}
