{
  "num_truth":1.5269303612,
  "RBP":0.1829678789,
  "NDCG@5":0.6416050621,
  "NDCG@10":0.8136476847,
  "MRR":0.3004533807,
  "RBO@5":0.4670401681,
  "RBO@10":0.4507927773,
  "rank_based_entropy":0.0,
  "least_item_promoted":1.1358895512,
  "intralist_similarity":null
}
