{"num_truth":1.5269303612,"RBP":0.0914839395,"NDCG@5":0.4075619217,"NDCG@10":0.4727016741,"MRR":0.3623747342,"RBO@5":0.734542584,"RBO@10":0.7548792188,"rank_based_entropy":0.0,"least_item_promoted":0.0,"intralist
_similarity":null}
