{"NDCG@5":0.4054834691,"NDCG@10":0.4710009154,"MRR":0.3596959217,"RBO@5":0.3000150729,"RBO@10":0.4925271289}
