{"NDCG@5":0.3964704363,"NDCG@10":0.4614071528,"MRR":0.3511496032,"RBO@5":0.0,"RBO@10":0.0}
