{"NDCG@5":0.3898968641,"NDCG@10":0.4567457505,"MRR":0.3446043651,"RBO@5":0.0,"RBO@10":0.0}
