{"NDCG@5":0.4060288804,"NDCG@10":0.4681255512,"MRR":0.3629547619,"RBO@5":0.0,"RBO@10":0.0}
