{"NDCG@5":0.4019017819,"NDCG@10":0.466211022,"MRR":0.3553871684,"RBO@5":0.3004360678,"RBO@10":0.4925648141}
