{"num_truth":1.5226241251,"RBP":0.0912348422,"NDCG@5":0.4074351037,"NDCG@10":0.4723223507,"MRR":0.3616062478,"RBO@5":0.7345949287,"RBO@10":0.7547501597,"rank_based_entropy":0.0,"least_item_promoted":0.0,"intralis
t_similarity":null}
