{"NDCG@5":0.4068580849,"NDCG@10":0.4721602519,"MRR":0.3610569187,"RBO@5":0.7336182421,"RBO@10":0.7542718378,"rank_based_entropy":0.0,"least_item_promoted":0.0,"intralist_similarity":null}
