{"NDCG@5":0.3895941257,"NDCG@10":0.4539577059,"MRR":0.3425025377,"RBO@5":0.2891365651,"RBO@10":0.4816552605}
