{
  "num_truth":1.5226241251,
  "RBP":0.1822964823,
  "NDCG@5":0.6416922532,
  "NDCG@10":0.8121543447,
  "MRR":0.298893585,
  "RBO@5":0.4674603952,
  "RBO@10":0.4510618813,
  "rank_based_entropy":0.0,
  "least_item_promoted":1.1322281429,
  "intralist_similarity":null
}
