{"NDCG@5": 0.4291736070635204, "NDCG@10": 0.5250304698508413, "MRR": 0.44113756613756616}
