{"NDCG@5": 0.4177679263138509, "NDCG@10": 0.4829474529347405, "MRR": 0.37150176263076046}
