{"NDCG@5": 0.4177831164619059, "NDCG@10": 0.4829199539549435, "MRR": 0.3715721879629591, "RBO@5": 0.4033430731624502, "RBO@10": 0.6265920547698466}
