{"NDCG@5": 0.41769198181409184, "NDCG@10": 0.4828630177540061, "MRR": 0.37144281713471644}
