{"NDCG@5": 0.6561544377732289, "NDCG@10": 0.7325673107656855, "MRR": 0.725, "RBO@5": 0.4095099999999999, "RBO@10": 0.6488152841439999}
