pipeline,Machine,Stage,WallTime,CPUTime,Power,CPUPower,GPUPower
nrms,screamer,generate,773.2423341149697,7384.314795999982,250767.0,96307.86579108272,77629.723
nrms_rrf_static_user,screamer,generate,9863.520549042034,62524.40423400022,3111795.0,1230173.7042182253,950393.294
nrms_topic_scores,screamer,generate,18963.96506666299,117798.72774700048,5973597.0,2367775.1625335934,1818860.916
nrms_topics_static,screamer,generate,9821.234936511028,62247.66722899996,3094938.0,1225872.3231948009,946669.577
softmax,screamer,generate,811.0673970319331,7715.7315030000045,254403.0,100930.078117835,79667.005
