pipeline,NDCG@5,NDCG@10,MRR,RBO@5,RBO@10,rank_based_entropy,least_item_promoted,intralist_similarity
nrms,0.413527573,0.4785404456,0.3706702645,0.0,0.0,0.0,0.0,
nrms_rrf_static_user,0.377820431,0.441437891,0.3309589699,0.0,0.0,0.0,0.0,
nrms_topic_scores,0.4144044544,0.4791966387,0.3712037602,0.0,0.0,0.0,,
nrms_topics_static,0.2946527622,0.3534546484,0.2445665886,0.0,0.0,,0.0,
softmax,0.4074716691,0.4728752486,0.3619161585,0.7340846429,0.7546521782,0.0,0.0,
