pipeline,NDCG@5,NDCG@10,MRR,RBO@5,RBO@10,rank_based_entropy,least_item_promoted,intralist_similarity
mmr,0.4383034019,0.5807498611,0.358362198,0.305560506,0.4774004157,,,
nrms,0.4135116767,0.4781939237,0.3698176997,0.0,0.0,0.0,0.0,
nrms_images,0.4125327594,0.4767696263,0.3683439744,0.0,0.0,,,
nrms_rrf_static_user,0.3786740661,0.4415257827,0.3312265654,0.0,0.0,0.0,0.0,
nrms_topic_scores,0.4142002642,0.4786866791,0.3702673071,0.0,0.0,0.0,,
nrms_topics_static,0.2951649041,0.35384332,0.2447155857,0.0,0.0,,0.0,
pfar,0.4139631583,0.4776523294,0.368248153,0.3911302475,0.6076209216,,,
softmax,0.4068580849,0.4721602519,0.3610569187,0.7336182421,0.7542718378,0.0,0.0,
topic_cali,0.4102467153,0.4750615466,0.3668072632,0.3911302475,0.6076209216,,,
