{"NDCG@5": 0.417683398732305, "NDCG@10": 0.48285864475227314, "MRR": 0.37146181878804047, "RBO@5": 0.4033430731624502, "RBO@10": 0.6265920547698466}
