recommender,NDCG@5,NDCG@10,MRR,RBO@5,RBO@10
mmr,0.35999685966956646,0.5048645294952324,0.3127684301069502,0.2272204852990004,0.32333596310501855
nrms,0.45195517627733767,0.5471667780067349,0.3715114031212084,0.39126863333961964,0.6078344546963851
pfar,0.45328565914654956,0.5491957605190021,0.3715732620565264,0.39126769996626554,0.6078332309671928
softmax,0.41823221301743035,0.5172591078148666,0.33334367372380924,0.21036475800792087,0.3730802492433327
topic-cali,0.4532503511257382,0.5491225605864557,0.3715732620565264,0.39126769996626554,0.6078332309671928
