pipeline,Machine,Stage,WallTime,CPUTime,Power,CPUPower,GPUPower
nrms,screamer,generate,13.45745709107723,49.31933699999999,4977.0,2116.270017839077,1481.9669999999999
nrms_rrf_static_user,screamer,generate,36.05072946497239,180.15612000000002,7857.0,4777.642769779996,3747.957
nrms_topic_scores,screamer,generate,60.396722952020355,324.34697399999993,11628.0,7821.066236296598,6088.14
nrms_topics_static,screamer,generate,35.42566766508389,177.949449,8811.0,4583.899742175004,3625.687
softmax,screamer,generate,13.622646217001602,49.44507899999999,3717.0,1918.380493702616,1425.33
