pipeline,Machine,Stage,WallTime,CPUTime,Power,CPUPower,GPUPower
nrms,screamer,generate,553.4353001749841,3753.0245290000075,302040.0,69784.90760772816,170858.619
nrms_rrf_static_user,screamer,generate,2026.9563513130415,12602.987495999982,757782.0,253244.61169828256,305617.065
nrms_topic_scores,screamer,generate,3750.3747977279127,23011.680272000016,1301265.0,468657.30445201765,461327.934
nrms_topics_static,screamer,generate,2020.9556312740315,12570.623654999998,764640.0,252805.56726594473,304330.597
softmax,screamer,generate,556.4186760640005,3789.024127000003,302562.0,69493.770869222,172209.346
