pipeline,Machine,Stage,WallTime,CPUTime,Power,CPUPower,GPUPower
nrms,screamer,generate,2991.2102094478905,21940.932683000156,1430388.0,238560.93134546216,908004.352
nrms_rrf_static_user,screamer,generate,12069.196045852266,76788.69498199923,3706236.0,907384.3948498358,1753798.71
nrms_sections,screamer,generate,22125.273691679817,144682.55771199902,6102216.0,1621335.715793191,2685443.299
nrms_topic_scores,screamer,generate,21710.20768647408,134759.95660800027,6088104.0,1605847.3841347308,2656380.255
nrms_topics_static,screamer,generate,11988.010496397968,76315.29693699986,3624255.0,888958.0507689958,1742237.167
softmax,screamer,generate,3000.3825652981177,22179.922871000024,1436625.0,240130.90196324995,909967.878
