pipeline,Machine,Stage,WallTime,CPUTime,Power,CPUPower,GPUPower
nrms,screamer,generate,2906.4759015589952,20798.47631799992,1570536.0,363225.80150473345,890472.487
nrms_rrf_static_user,screamer,generate,11018.377407048014,69724.34130000038,4122801.0,1374091.0054878078,1631768.5
nrms_topic_scores,screamer,generate,20066.10231403506,124179.40908299999,6954957.0,2503797.4351026537,2452213.062
nrms_topics_static,screamer,generate,10989.695533547085,69554.33384499932,4109220.0,1369998.0226740288,1632273.074
softmax,screamer,generate,2920.67798608297,21020.31759600002,1591641.0,362544.3403882718,897627.724
