pipeline,NDCG@5,NDCG@10,MRR,RBO@5,RBO@10,rank_based_entropy,least_item_promoted,intralist_similarity
nrms,0.400881015,0.4713078321,0.3621202381,0.0,0.0,0.0,0.0,
nrms_rrf_static_user,0.3808739455,0.4367815194,0.3332706349,0.0,0.0,0.0,0.0,
nrms_topic_scores,0.4030692134,0.4724104186,0.363565873,0.0,0.0,0.0,,
nrms_topics_static,0.3030288477,0.3616887015,0.2539789683,0.0,0.0,,0.0,
softmax,0.4016453861,0.4674949632,0.3624996032,0.728219985,0.7499876007,0.0,0.0,
