pipeline,NDCG@5,NDCG@10,MRR,RBO@5,RBO@10,rank_based_entropy,least_item_promoted,intralist_similarity
mmr,0.438913025,0.5906623313,0.34855,0.304523264,0.4737886827,,,
nrms,0.400881015,0.4713078321,0.3621202381,0.0,0.0,0.0,0.0,
nrms_images,0.4060288804,0.4681255512,0.3629547619,0.0,0.0,,,
nrms_rrf_static_user,0.3808739455,0.4367815194,0.3332706349,0.0,0.0,0.0,0.0,
nrms_topic_scores,0.4030692134,0.4724104186,0.363565873,0.0,0.0,0.0,,
nrms_topics_static,0.3030288477,0.3616887015,0.2539789683,0.0,0.0,,0.0,
pfar,0.4074843134,0.4695633805,0.3642936508,0.388976978,0.6038961668,,,
softmax,0.4016453861,0.4674949632,0.3624996032,0.728219985,0.7499876007,0.0,0.0,
topic_cali,0.3989753691,0.4686789149,0.3657083333,0.388976978,0.6038961668,,,
