recommender,NDCG@5,NDCG@10,MRR,RBO@5,RBO@10
mmr,0.3600005430536384,0.5048719979180333,0.3127684301069502,0.2272204852990004,0.32333596310501855
nrms,0.4519876731521633,0.5470178037046607,0.3715062139527769,0.39126863333961964,0.6078344546963851
pfar,0.4532153230343001,0.5490853194907499,0.3715732620565264,0.39126769996626554,0.6078332309671928
softmax,0.4185689050229185,0.5174518536614011,0.3331735706112484,0.20993876957587698,0.37264024427514536
topic-cali,0.4531301007763522,0.5492150671208499,0.3715732620565264,0.39126769996626554,0.6078332309671928
