pipeline,Machine,Stage,WallTime,CPUTime,Power,CPUPower,GPUPower
nrms,screamer,generate,568.1575020672753,3910.4238510000005,275058.00000000006,46453.264137863,174275.722
nrms_rrf_static_user,screamer,generate,2201.4049637359567,13731.117623000007,693198.0,171637.53357197234,326798.04
nrms_sections,screamer,generate,4073.05607163487,26451.655811,1165050.0,314711.26606064924,502355.587
nrms_topic_scores,screamer,generate,4037.8023972450756,24785.655713999986,1148922.0,308079.55126126145,498209.06
nrms_topics_static,screamer,generate,2197.5941316997632,13704.745616000013,685089.0,170464.19093057848,325536.161
softmax,screamer,generate,570.2723079859279,3941.533198000006,272799.0,46835.25663691892,172769.453
