pipeline,num_truth,RBP,NDCG@5,NDCG@10,MRR,RBO@5,RBO@10,rank_based_entropy,least_item_promoted,intralist_similarity
nrms,1.568,0.2091938419,0.7308847355,0.9332225133,0.339634189,0.0,0.0,0.0,0.0,
nrms_rrf_static_user,1.568,0.1730944194,0.5031175028,0.72307499,0.2463107974,0.0,0.0,0.0,0.0,
nrms_sections,1.568,0.148392,0.7174084545,0.7854737548,0.308,0.0,0.0,0.0,,
nrms_topic_scores,1.568,0.2085777919,0.7174084545,0.9262699513,0.3356722842,0.0,0.0,0.0,,
nrms_topics_static,1.568,0.1125007391,0.332469898,0.4939287695,0.1339638263,0.0,0.0,,0.0,
softmax,1.568,0.2009695739,0.6878410675,0.8880947517,0.3174216056,0.4498093328,0.4377407151,0.0,0.9752066116,
