recommender,NDCG@5,NDCG@10,MRR,RBO@5,RBO@10
mmr,0.3599711546504466,0.5048647431201346,0.3127684301069502,0.2272204852990004,0.32333596310501855
nrms,0.45203340530653,0.5470964667962411,0.37152181097192793,0.39126863333961964,0.6078344546963851
pfar,0.45312130039729925,0.549261911921931,0.3715732620565264,0.39126769996626554,0.6078332309671928
topic-cali,0.4531786410598216,0.5492420570679885,0.3715732620565264,0.39126769996626554,0.6078332309671928
