pipeline,NDCG@5,NDCG@10,MRR,RBO@5,RBO@10
mmr,0.438913025,0.5906623313,0.34855,0.304523264,0.4737886827
nrms,0.3915937101,0.4568517235,0.3530281746,0.0,0.0
nrms_images,0.4060288804,0.4681255512,0.3629547619,0.0,0.0
nrms_rrf_static_user,0.3473208864,0.419519314,0.3102805556,0.0,0.0
nrms_topic_scores,0.3980245351,0.4607686172,0.3591507937,0.0,0.0
nrms_topics_static,0.2729225367,0.3361671982,0.2360837302,0.0,0.0
pfar,0.4074843134,0.4695633805,0.3642936508,0.388976978,0.6038961668
softmax,0.3867909681,0.4557857703,0.3459960317,0.300717382,0.4920460553
topic_cali,0.3989753691,0.4686789149,0.3657083333,0.388976978,0.6038961668
