recommender,NDCG@5,NDCG@10,MRR,RBO@5,RBO@10
mmr,0.3569516929051434,0.5003211423583603,0.31145743826292543,0.22695393184055115,0.322748872396318
nrms,0.4511172870411494,0.546279493874285,0.370290812172784,0.39113024753937,0.6076209216365874
pfar,0.4524332467865607,0.5491488666942219,0.37054744784506105,0.39113024753937,0.6076206707385322
softmax,0.4191782208088459,0.5174465696507432,0.33248112323633155,0.20958399794947502,0.37203202025073745
topic-cali,0.4528992240883137,0.5489288841181492,0.37054744784506105,0.39113024753937,0.6076206707385322
