pipeline,Machine,Stage,WallTime,CPUTime,Power,CPUPower,GPUPower
nrms,screamer,generate,11.217583726975136,15.091873,3087.0,1911.8076045887817,716.078
nrms_rrf_static_user,screamer,generate,17.434847334981896,44.62629599999999,2718.0,2905.5198553158807,1419.72
nrms_topic_scores,screamer,generate,24.041082167066634,77.732542,2970.0,3219.334629017908,2042.206
nrms_topics_static,screamer,generate,17.264437322039157,44.52317600000001,4788.0,2418.5902222560003,1453.006
softmax,screamer,generate,11.159066303051077,15.221620999999999,2862.0,1803.0388700589965,761.958
