pipeline,Machine,Stage,WallTime,CPUTime,Power,CPUPower,GPUPower
nrms,screamer,generate,14.417667102068663,17.629348,1269.0,1126.059905587001,682.5790000000001
nrms_rrf_static_user,screamer,generate,21.380579565186054,51.089629000000016,3033.0,1740.0311299499995,1602.852
nrms_sections,screamer,generate,30.15355178201571,92.841366,5301.0,2231.1008398061967,2396.767
nrms_topic_scores,screamer,generate,28.882723569869995,87.526258,5202.0,2113.8584179815007,2245.855
nrms_topics_static,screamer,generate,21.594575698953122,51.610978,4050.0,1660.4371463436023,1600.434
softmax,screamer,generate,14.27239310508594,17.751977,1935.0,1120.568847670152,694.995
