pipeline,NDCG@5,NDCG@10,MRR,RBO@5,RBO@10
mmr,0.4391505685,0.5842476194,0.3573749942,0.3053785775,0.4769039043
nrms,0.4135627636,0.4776430606,0.3684538203,0.0,0.0
nrms_images,0.4106001832,0.4753309032,0.3676670241,0.0,0.0
nrms_rrf_static_user,0.3601536394,0.4255255035,0.3188311665,0.0,0.0
nrms_topic_scores,0.408773978,0.4737012331,0.3656569049,0.0,0.0
nrms_topics_static,0.2635205289,0.3267880121,0.2265015944,0.0,0.0
pfar,0.4108124055,0.4753449286,0.3662529362,0.3912685985,0.6078344096
softmax,0.4054834691,0.4710009154,0.3596959217,0.3000150729,0.4925271289
topic_cali,0.4098237815,0.4748569714,0.3666648969,0.3912685268,0.6078343481
