pipeline,NDCG@5,NDCG@10,MRR,RBO@5,RBO@10
mmr,0.4243031559,0.5812207909,0.3365920635,0.300933803,0.4675996445
nrms,0.3957839924,0.4620068108,0.3469107143,0.0,0.0
nrms_images,0.3898968641,0.4567457505,0.3446043651,0.0,0.0
nrms_rrf_static_user,0.2729225367,0.3361671982,0.2360837302,0.0,0.0
nrms_topic_scores,0.2729225367,0.3361671982,0.2360837302,0.0,0.0
nrms_topics_static,0.2729225367,0.3361671982,0.2360837302,0.0,0.0
pfar,0.3899267483,0.4524797914,0.3434988095,0.388976978,0.6038961668
softmax,0.3817764117,0.4496341303,0.3298912698,0.283417363,0.4749803019
topic_cali,0.3934895065,0.4586694186,0.3484095238,0.388976978,0.6038961668
