pipeline,softmax,nrms_rrf_static_user,nrms,pfar,topic_cali,nrms_images,mmr,nrms_topic_scores,nrms_topics_static
NDCG@5,0.3734029661,0.2729225367,0.3837809086,0.3981901214,0.3917752094,0.3964704363,0.4184800137,0.2729225367,0.2729225367
NDCG@10,0.4464125872,0.3361671982,0.4519020624,0.4588275312,0.4570849126,0.4614071528,0.5789485774,0.3361671982,0.3361671982
MRR,0.3364,0.2360837302,0.3397734127,0.3513781746,0.3454936508,0.3511496032,0.3329615079,0.2360837302,0.2360837302
RBO@5,0.286756548,0.0,0.0,0.388976978,0.388976978,0.0,0.300700811,0.0,0.0
RBO@10,0.4786219063,0.0,0.0,0.6038961668,0.6038961668,0.0,0.4674391468,0.0,0.0
