pipeline,num_truth,RBP,NDCG@5,NDCG@10,MRR,RBO@5,RBO@10,rank_based_entropy,least_item_promoted,intralist_similarity
nrms,1.5226241251,0.1850542857,0.6561591359,0.8258460084,0.3084933711,0.0,0.0,0.0,0.0,
nrms_rrf_static_user,1.5226241251,0.1616201047,0.5539923347,0.7162601564,0.2605474438,0.0,0.0,0.0,0.0,
nrms_sections,1.5226241251,0.1272770874,0.6557262235,0.7076162032,0.2779254156,0.0,0.0,0.0,,
nrms_topic_scores,1.5226241251,0.1849724035,0.6557262235,0.8253542799,0.3083991365,0.0,0.0,0.0,,
nrms_topics_static,1.5226241251,0.1153029297,0.3752160032,0.509347813,0.1644768074,0.0,0.0,,0.0,
softmax,1.5226241251,0.1822964823,0.6416922532,0.8121543447,0.298893585,0.4674603952,0.4510618813,0.0,1.1322281429,
