{"NDCG@5": 0.4519449216740124, "NDCG@10": 0.5470496179433848, "MRR": 0.3714081889483844, "RBO@5": NaN, "RBO@10": NaN}
