pipeline,Machine,Stage,WallTime,CPUTime,Power,CPUPower,GPUPower
nrms,screamer,generate,146.1029235998867,1146.878277999999,53001.0,18379.09901488322,21205.192
nrms_rrf_static_user,screamer,generate,1837.8955157580785,11431.840242999988,583047.0,230109.4556776677,182267.762
nrms_topic_scores,screamer,generate,3590.4696133200778,22102.162006000002,1127439.0,448630.74727332924,349584.691
nrms_topics_static,screamer,generate,1834.943295978941,11411.342611000035,574623.0,229509.5572232544,182114.986
softmax,screamer,generate,152.78679054800887,1211.0684540000018,55647.0,19240.342078651975,21703.581
