pipeline,num_truth,RBP,NDCG@5,NDCG@10,MRR,RBO@5,RBO@10,rank_based_entropy,least_item_promoted,intralist_similarity
nrms,1.568,0.1051969209,0.469349613,0.5187460442,0.4113952381,0.0,0.0,0.0,0.0,
nrms_rrf_static_user,1.568,0.0865472097,0.3624171189,0.4276290582,0.3141253968,0.0,0.0,0.0,0.0,
nrms_topic_scores,1.568,0.1042888959,0.4643529569,0.5137493882,0.4037285714,0.0,0.0,0.0,,
nrms_topics_static,1.568,0.0562503695,0.2471438447,0.3013716485,0.1890968254,0.0,0.0,,0.0,
softmax,1.568,0.1009942933,0.443396395,0.4989930324,0.3761857143,0.7317469817,0.7523585813,0.0,0.0,
