pipeline,num_truth,RBP,NDCG@5,NDCG@10,MRR,RBO@5,RBO@10,rank_based_entropy,least_item_promoted,intralist_similarity
nrms,1.5269303612,0.1856426169,0.65574539,0.8259464276,0.3095287302,0.0,0.0,0.0,0.0,
nrms_rrf_static_user,1.5269303612,0.1615944475,0.5391246382,0.703048672,0.2541184242,0.0,0.0,0.0,0.0,
nrms_topic_scores,1.5269303612,0.1856312047,0.6552804368,0.8255370519,0.3090927531,0.0,0.0,0.0,,
nrms_topics_static,1.5269303612,0.1195123629,0.3758171525,0.5197064064,0.1624585408,0.0,0.0,,0.0,
softmax,1.5269303612,0.1829678789,0.6416050621,0.8136476847,0.3004533807,0.4670401681,0.4507927773,0.0,1.1358895512,
