pipeline,num_truth,RBP,NDCG@5,NDCG@10,MRR,RBO@5,RBO@10,rank_based_entropy,least_item_promoted,intralist_similarity
nrms,1.568,0.2103938419,0.7339254856,0.9362632634,0.343634189,0.0,0.0,0.0,0.0,
nrms_rrf_static_user,1.568,0.1730944194,0.5031175028,0.72307499,0.2463107974,0.0,0.0,0.0,0.0,
nrms_topic_scores,1.568,0.2085777919,0.7174084545,0.9262699513,0.3356722842,0.0,0.0,0.0,,
nrms_topics_static,1.568,0.1125007391,0.332469898,0.4939287695,0.1339638263,0.0,0.0,,0.0,
softmax,1.568,0.2019885866,0.6904749068,0.8840316305,0.306640772,0.4655383133,0.44919502,0.0,1.0826446281,
