pipeline,num_truth,RBP,NDCG@5,NDCG@10,MRR,RBO@5,RBO@10,rank_based_entropy,least_item_promoted,intralist_similarity
nrms,1.5269303612,0.1856557447,0.6556654683,0.8258722637,0.3095855044,0.0,0.0,0.0,0.0,
nrms_rrf_static_user,1.5269303612,0.1615944475,0.5391246382,0.703048672,0.2541184242,0.0,0.0,0.0,0.0,
nrms_sections,1.5269303612,0.1276197244,0.6552804368,0.7072617692,0.2785790495,0.0,0.0,0.0,,
nrms_topic_scores,1.5269303612,0.1856312047,0.6552804368,0.8255370519,0.3090927531,0.0,0.0,0.0,,
nrms_topics_static,1.5269303612,0.1195123629,0.3758171525,0.5197064064,0.1624585408,0.0,0.0,,0.0,
softmax,1.5269303612,0.1829877359,0.6413164556,0.8136909065,0.2998755267,0.4663948892,0.4503675594,0.0,1.1332225268,
