pipeline,NDCG@5,NDCG@10,MRR,RBO@5,RBO@10
softmax,0.3734029661,0.4464125872,0.3364,0.286756548,0.4786219063
nrms_rrf_static_user,0.2729225367,0.3361671982,0.2360837302,0.0,0.0
nrms,0.3837809086,0.4519020624,0.3397734127,0.0,0.0
pfar,0.3981901214,0.4588275312,0.3513781746,0.388976978,0.6038961668
topic_cali,0.3917752094,0.4570849126,0.3454936508,0.388976978,0.6038961668
nrms_images,0.3964704363,0.4614071528,0.3511496032,0.0,0.0
mmr,0.4184800137,0.5789485774,0.3329615079,0.300700811,0.4674391468
nrms_topic_scores,0.2729225367,0.3361671982,0.2360837302,0.0,0.0
nrms_topics_static,0.2729225367,0.3361671982,0.2360837302,0.0,0.0
