pipeline,NDCG@5,NDCG@10,MRR,RBO@5,RBO@10,rank_based_entropy,least_item_promoted,intralist_similarity
nrms,0.4135116767,0.4781939237,0.3698176997,0.0,0.0,0.0,0.0,
nrms_rrf_static_user,0.3786740661,0.4415257827,0.3312265654,0.0,0.0,0.0,0.0,
nrms_topic_scores,0.4142002642,0.4786866791,0.3702673071,0.0,0.0,0.0,,
nrms_topics_static,0.2951649041,0.35384332,0.2447155857,0.0,0.0,,0.0,
softmax,0.4068580849,0.4721602519,0.3610569187,0.7336182421,0.7542718378,0.0,0.0,
