recommender,NDCG@5,NDCG@10,MRR,RBO@5,RBO@10
mmr,0.34862966319766614,0.44254419082299057,0.3127684301069502,0.0,0.0
nrms,0.4518702508151715,0.546972468297403,0.3714142888301057,0.0,0.0
pfar,0.4531494024326329,0.5491393845720358,0.3715732620565264,0.0,0.0
topic-cali,0.4532556247660994,0.5492549952139684,0.3715732620565264,0.0,0.0
