pipeline,num_truth,RBP,NDCG@5,NDCG@10,MRR,RBO@5,RBO@10,rank_based_entropy,least_item_promoted,intralist_similarity
nrms,1.5226241251,0.1850453182,0.656347961,0.825943175,0.3085836778,0.0,0.0,0.0,0.0,
nrms_rrf_static_user,1.5226241251,0.1616201047,0.5539923347,0.7162601564,0.2605474438,0.0,0.0,0.0,0.0,
nrms_topic_scores,1.5226241251,0.1849724035,0.6557262235,0.8253542799,0.3083991365,0.0,0.0,0.0,,
nrms_topics_static,1.5226241251,0.1153029297,0.3752160032,0.509347813,0.1644768074,0.0,0.0,,0.0,
softmax,1.5226241251,0.1824696844,0.6415843016,0.8134915748,0.2996653307,0.4678438323,0.4511997459,0.0,1.145309989,
