{"NDCG@5": 0.0, "NDCG@10": 0.0, "MRR": 0.0, "RBO@5": 0.4033430731624502, "RBO@10": 0.6265920547698466}
