{"NDCG@5":0.3978825851,"NDCG@10":0.4611699977,"MRR":0.3524109454,"RBO@5":0.3911302475,"RBO@10":0.6076209216}
