{"NDCG@5":0.4139631583,"NDCG@10":0.4776523294,"MRR":0.368248153,"RBO@5":0.3911302475,"RBO@10":0.6076209216}
