{"NDCG@5":0.4108124055,"NDCG@10":0.4753449286,"MRR":0.3662529362,"RBO@5":0.3912685985,"RBO@10":0.6078344096}
