{"NDCG@5":0.3950355655,"NDCG@10":0.4583863457,"MRR":0.3499943963,"RBO@5":0.0,"RBO@10":0.0}
