{"NDCG@5":0.4125327594,"NDCG@10":0.4767696263,"MRR":0.3683439744,"RBO@5":0.0,"RBO@10":0.0}
